{
  "" : {
    "transaction" : "",
    "sampleCount" : 10,
    "errorCount" : 10,
    "errorPct" : 100.0,
    "meanResTime" : 17174.1,
    "medianResTime" : 851.0,
    "minResTime" : 631.0,
    "maxResTime" : 65662.0,
    "pct1ResTime" : 65635.3,
    "pct2ResTime" : 65662.0,
    "pct3ResTime" : 65662.0,
    "throughput" : 0.14915800307265487,
    "receivedKBytesPerSec" : 2.54646504855093,
    "sentKBytesPerSec" : 0.3622616734782154
  },
  "/docs-1-1" : {
    "transaction" : "/docs-1-1",
    "sampleCount" : 10,
    "errorCount" : 0,
    "errorPct" : 0.0,
    "meanResTime" : 112.5,
    "medianResTime" : 101.0,
    "minResTime" : 99.0,
    "maxResTime" : 211.0,
    "pct1ResTime" : 200.50000000000006,
    "pct2ResTime" : 211.0,
    "pct3ResTime" : 211.0,
    "throughput" : 0.15100949849745549,
    "receivedKBytesPerSec" : 0.8312895928028873,
    "sentKBytesPerSec" : 0.0579557938569336
  },
  "/docs-1-0" : {
    "transaction" : "/docs-1-0",
    "sampleCount" : 10,
    "errorCount" : 0,
    "errorPct" : 0.0,
    "meanResTime" : 9788.3,
    "medianResTime" : 208.0,
    "minResTime" : 99.0,
    "maxResTime" : 64838.0,
    "pct1ResTime" : 61527.80000000001,
    "pct2ResTime" : 64838.0,
    "pct3ResTime" : 64838.0,
    "throughput" : 0.1506319008239565,
    "receivedKBytesPerSec" : 0.06766667419826171,
    "sentKBytesPerSec" : 0.05766377453417085
  },
  "/docs/-2" : {
    "transaction" : "/docs/-2",
    "sampleCount" : 10,
    "errorCount" : 0,
    "errorPct" : 0.0,
    "meanResTime" : 115.4,
    "medianResTime" : 104.5,
    "minResTime" : 100.0,
    "maxResTime" : 208.0,
    "pct1ResTime" : 198.30000000000004,
    "pct2ResTime" : 208.0,
    "pct3ResTime" : 208.0,
    "throughput" : 0.1510026576467746,
    "receivedKBytesPerSec" : 0.831251934721551,
    "sentKBytesPerSec" : 0.05795316841326407
  },
  "Total" : {
    "transaction" : "Total",
    "sampleCount" : 70,
    "errorCount" : 10,
    "errorPct" : 14.285714,
    "meanResTime" : 3867.842857142858,
    "medianResTime" : 107.0,
    "minResTime" : 98.0,
    "maxResTime" : 65049.0,
    "pct1ResTime" : 360.3999999999999,
    "pct2ResTime" : 46660.650000000096,
    "pct3ResTime" : 65049.0,
    "throughput" : 1.045993843579092,
    "receivedKBytesPerSec" : 3.440776902588088,
    "sentKBytesPerSec" : 0.47746817190161683
  },
  "/validator-25" : {
    "transaction" : "/validator-25",
    "sampleCount" : 10,
    "errorCount" : 10,
    "errorPct" : 100.0,
    "meanResTime" : 6953.299999999999,
    "medianResTime" : 224.0,
    "minResTime" : 115.0,
    "maxResTime" : 64776.0,
    "pct1ResTime" : 58623.60000000002,
    "pct2ResTime" : 64776.0,
    "pct3ResTime" : 64776.0,
    "throughput" : 0.1509502317086057,
    "receivedKBytesPerSec" : 0.059554583603785835,
    "sentKBytesPerSec" : 0.0669252003864326
  },
  "/docs-1" : {
    "transaction" : "/docs-1",
    "sampleCount" : 10,
    "errorCount" : 0,
    "errorPct" : 0.0,
    "meanResTime" : 9901.1,
    "medianResTime" : 310.0,
    "minResTime" : 198.0,
    "maxResTime" : 65049.0,
    "pct1ResTime" : 61728.000000000015,
    "pct2ResTime" : 65049.0,
    "pct3ResTime" : 65049.0,
    "throughput" : 0.150407604608489,
    "receivedKBytesPerSec" : 0.8955421536112865,
    "sentKBytesPerSec" : 0.11530270470474986
  },
  "/docs/-23" : {
    "transaction" : "/docs/-23",
    "sampleCount" : 10,
    "errorCount" : 0,
    "errorPct" : 0.0,
    "meanResTime" : 101.99999999999999,
    "medianResTime" : 102.0,
    "minResTime" : 98.0,
    "maxResTime" : 107.0,
    "pct1ResTime" : 106.7,
    "pct2ResTime" : 107.0,
    "pct3ResTime" : 107.0,
    "throughput" : 0.1509958174158576,
    "receivedKBytesPerSec" : 0.04497434014827789,
    "sentKBytesPerSec" : 0.06311153306053421
  },
  "/api-docs-24" : {
    "transaction" : "/api-docs-24",
    "sampleCount" : 10,
    "errorCount" : 0,
    "errorPct" : 0.0,
    "meanResTime" : 102.3,
    "medianResTime" : 101.0,
    "minResTime" : 98.0,
    "maxResTime" : 109.0,
    "pct1ResTime" : 108.9,
    "pct2ResTime" : 109.0,
    "pct3ResTime" : 109.0,
    "throughput" : 0.15099809742397247,
    "receivedKBytesPerSec" : 0.7430463016790989,
    "sentKBytesPerSec" : 0.06296502695316039
  }
}